emails,First name
rohan@getdecipher.com,Rohan
michael@getdecipher.com,Michael
vaishant@greptile.com,Vaishant
rajit@greptile.com,Rajit
daksh@greptile.com,Daksh
soohoon@greptile.com,Soohoon
anushka@kathalyst.ai,Anushka
alvinsalehi@gmail.com,Alvin
greg.rami36@gmail.com,Greg
michael@stuntdouble.io,Michael
paul@stuntdouble.io,Paul
li@vitablehealth.com,Li
adam@dugree.com,Adam
priestley02fernandes@gmail.com,Priestly
navoditamathur1998@gmail.com,Navodita
deepali@askassembly.app,Deepali